WordCoordinatesDWTK;Word in Text;Letter Positions (n);(Word#, [Gematria LetterValues], Gematria WordTotal)
(21, 1, 1, 1, 1);משא;[1, 2, 3];(1, [40, 300, 1], 341)
(21, 1, 1, 2, 2);נינוה;[4, 5, 6, 7, 8];(2, [50, 10, 50, 6, 5], 121)
(21, 1, 1, 3, 3);ספר;[9, 10, 11];(3, [60, 80, 200], 340)
(21, 1, 1, 4, 4);חזון;[12, 13, 14, 15];(4, [8, 7, 6, 50], 71)
(21, 1, 1, 5, 5);נחום;[16, 17, 18, 19];(5, [50, 8, 6, 40], 104)
(21, 1, 1, 6, 6);האלקשי;[20, 21, 22, 23, 24, 25];(6, [5, 1, 30, 100, 300, 10], 446)
(21, 1, 2, 1, 7);אל;[26, 27];(7, [1, 30], 31)
(21, 1, 2, 2, 8);קנוא;[28, 29, 30, 31];(8, [100, 50, 6, 1], 157)
(21, 1, 2, 3, 9);ונקם;[32, 33, 34, 35];(9, [6, 50, 100, 40], 196)
(21, 1, 2, 4, 10);יהוה;[36, 37, 38, 39];(10, [10, 5, 6, 5], 26)
(21, 1, 2, 5, 11);נקם;[40, 41, 42];(11, [50, 100, 40], 190)
(21, 1, 2, 6, 12);יהוה;[43, 44, 45, 46];(12, [10, 5, 6, 5], 26)
(21, 1, 2, 7, 13);ובעל;[47, 48, 49, 50];(13, [6, 2, 70, 30], 108)
(21, 1, 2, 8, 14);חמה;[51, 52, 53];(14, [8, 40, 5], 53)
(21, 1, 2, 9, 15);נקם;[54, 55, 56];(15, [50, 100, 40], 190)
(21, 1, 2, 10, 16);יהוה;[57, 58, 59, 60];(16, [10, 5, 6, 5], 26)
(21, 1, 2, 11, 17);לצריו;[61, 62, 63, 64, 65];(17, [30, 90, 200, 10, 6], 336)
(21, 1, 2, 12, 18);ונוטר;[66, 67, 68, 69, 70];(18, [6, 50, 6, 9, 200], 271)
(21, 1, 2, 13, 19);הוא;[71, 72, 73];(19, [5, 6, 1], 12)
(21, 1, 2, 14, 20);לאיביו;[74, 75, 76, 77, 78, 79];(20, [30, 1, 10, 2, 10, 6], 59)
(21, 1, 3, 1, 21);יהוה;[80, 81, 82, 83];(21, [10, 5, 6, 5], 26)
(21, 1, 3, 2, 22);ארך;[84, 85, 86];(22, [1, 200, 20], 221)
(21, 1, 3, 3, 23);אפים;[87, 88, 89, 90];(23, [1, 80, 10, 40], 131)
(21, 1, 3, 4, 24);וגדול;[91, 92, 93, 94, 95];(24, [6, 3, 4, 6, 30], 49)
(21, 1, 3, 5, 25);כח;[96, 97];(25, [20, 8], 28)
(21, 1, 3, 6, 26);ונקה;[98, 99, 100, 101];(26, [6, 50, 100, 5], 161)
(21, 1, 3, 7, 27);לא;[102, 103];(27, [30, 1], 31)
(21, 1, 3, 8, 28);ינקה;[104, 105, 106, 107];(28, [10, 50, 100, 5], 165)
(21, 1, 3, 9, 29);יהוה;[108, 109, 110, 111];(29, [10, 5, 6, 5], 26)
(21, 1, 3, 10, 30);בסופה;[112, 113, 114, 115, 116];(30, [2, 60, 6, 80, 5], 153)
(21, 1, 3, 11, 31);ובשערה;[117, 118, 119, 120, 121, 122];(31, [6, 2, 300, 70, 200, 5], 583)
(21, 1, 3, 12, 32);דרכו;[123, 124, 125, 126];(32, [4, 200, 20, 6], 230)
(21, 1, 3, 13, 33);וענן;[127, 128, 129, 130];(33, [6, 70, 50, 50], 176)
(21, 1, 3, 14, 34);אבק;[131, 132, 133];(34, [1, 2, 100], 103)
(21, 1, 3, 15, 35);רגליו;[134, 135, 136, 137, 138];(35, [200, 3, 30, 10, 6], 249)
(21, 1, 4, 1, 36);גוער;[139, 140, 141, 142];(36, [3, 6, 70, 200], 279)
(21, 1, 4, 2, 37);בים;[143, 144, 145];(37, [2, 10, 40], 52)
(21, 1, 4, 3, 38);ויבשהו;[146, 147, 148, 149, 150, 151];(38, [6, 10, 2, 300, 5, 6], 329)
(21, 1, 4, 4, 39);וכל;[152, 153, 154];(39, [6, 20, 30], 56)
(21, 1, 4, 5, 40);הנהרות;[155, 156, 157, 158, 159, 160];(40, [5, 50, 5, 200, 6, 400], 666)
(21, 1, 4, 6, 41);החריב;[161, 162, 163, 164, 165];(41, [5, 8, 200, 10, 2], 225)
(21, 1, 4, 7, 42);אמלל;[166, 167, 168, 169];(42, [1, 40, 30, 30], 101)
(21, 1, 4, 8, 43);בשן;[170, 171, 172];(43, [2, 300, 50], 352)
(21, 1, 4, 9, 44);וכרמל;[173, 174, 175, 176, 177];(44, [6, 20, 200, 40, 30], 296)
(21, 1, 4, 10, 45);ופרח;[178, 179, 180, 181];(45, [6, 80, 200, 8], 294)
(21, 1, 4, 11, 46);לבנון;[182, 183, 184, 185, 186];(46, [30, 2, 50, 6, 50], 138)
(21, 1, 4, 12, 47);אמלל;[187, 188, 189, 190];(47, [1, 40, 30, 30], 101)
(21, 1, 5, 1, 48);הרים;[191, 192, 193, 194];(48, [5, 200, 10, 40], 255)
(21, 1, 5, 2, 49);רעשו;[195, 196, 197, 198];(49, [200, 70, 300, 6], 576)
(21, 1, 5, 3, 50);ממנו;[199, 200, 201, 202];(50, [40, 40, 50, 6], 136)
(21, 1, 5, 4, 51);והגבעות;[203, 204, 205, 206, 207, 208, 209];(51, [6, 5, 3, 2, 70, 6, 400], 492)
(21, 1, 5, 5, 52);התמגגו;[210, 211, 212, 213, 214, 215];(52, [5, 400, 40, 3, 3, 6], 457)
(21, 1, 5, 6, 53);ותשא;[216, 217, 218, 219];(53, [6, 400, 300, 1], 707)
(21, 1, 5, 7, 54);הארץ;[220, 221, 222, 223];(54, [5, 1, 200, 90], 296)
(21, 1, 5, 8, 55);מפניו;[224, 225, 226, 227, 228];(55, [40, 80, 50, 10, 6], 186)
(21, 1, 5, 9, 56);ותבל;[229, 230, 231, 232];(56, [6, 400, 2, 30], 438)
(21, 1, 5, 10, 57);וכל;[233, 234, 235];(57, [6, 20, 30], 56)
(21, 1, 5, 11, 58);יושבי;[236, 237, 238, 239, 240];(58, [10, 6, 300, 2, 10], 328)
(21, 1, 5, 12, 59);בה;[241, 242];(59, [2, 5], 7)
(21, 1, 6, 1, 60);לפני;[243, 244, 245, 246];(60, [30, 80, 50, 10], 170)
(21, 1, 6, 2, 61);זעמו;[247, 248, 249, 250];(61, [7, 70, 40, 6], 123)
(21, 1, 6, 3, 62);מי;[251, 252];(62, [40, 10], 50)
(21, 1, 6, 4, 63);יעמוד;[253, 254, 255, 256, 257];(63, [10, 70, 40, 6, 4], 130)
(21, 1, 6, 5, 64);ומי;[258, 259, 260];(64, [6, 40, 10], 56)
(21, 1, 6, 6, 65);יקום;[261, 262, 263, 264];(65, [10, 100, 6, 40], 156)
(21, 1, 6, 7, 66);בחרון;[265, 266, 267, 268, 269];(66, [2, 8, 200, 6, 50], 266)
(21, 1, 6, 8, 67);אפו;[270, 271, 272];(67, [1, 80, 6], 87)
(21, 1, 6, 9, 68);חמתו;[273, 274, 275, 276];(68, [8, 40, 400, 6], 454)
(21, 1, 6, 10, 69);נתכה;[277, 278, 279, 280];(69, [50, 400, 20, 5], 475)
(21, 1, 6, 11, 70);כאש;[281, 282, 283];(70, [20, 1, 300], 321)
(21, 1, 6, 12, 71);והצרים;[284, 285, 286, 287, 288, 289];(71, [6, 5, 90, 200, 10, 40], 351)
(21, 1, 6, 13, 72);נתצו;[290, 291, 292, 293];(72, [50, 400, 90, 6], 546)
(21, 1, 6, 14, 73);ממנו;[294, 295, 296, 297];(73, [40, 40, 50, 6], 136)
(21, 1, 7, 1, 74);טוב;[298, 299, 300];(74, [9, 6, 2], 17)
(21, 1, 7, 2, 75);יהוה;[301, 302, 303, 304];(75, [10, 5, 6, 5], 26)
(21, 1, 7, 3, 76);למעוז;[305, 306, 307, 308, 309];(76, [30, 40, 70, 6, 7], 153)
(21, 1, 7, 4, 77);ביום;[310, 311, 312, 313];(77, [2, 10, 6, 40], 58)
(21, 1, 7, 5, 78);צרה;[314, 315, 316];(78, [90, 200, 5], 295)
(21, 1, 7, 6, 79);וידע;[317, 318, 319, 320];(79, [6, 10, 4, 70], 90)
(21, 1, 7, 7, 80);חסי;[321, 322, 323];(80, [8, 60, 10], 78)
(21, 1, 7, 8, 81);בו;[324, 325];(81, [2, 6], 8)
(21, 1, 8, 1, 82);ובשטף;[326, 327, 328, 329, 330];(82, [6, 2, 300, 9, 80], 397)
(21, 1, 8, 2, 83);עבר;[331, 332, 333];(83, [70, 2, 200], 272)
(21, 1, 8, 3, 84);כלה;[334, 335, 336];(84, [20, 30, 5], 55)
(21, 1, 8, 4, 85);יעשה;[337, 338, 339, 340];(85, [10, 70, 300, 5], 385)
(21, 1, 8, 5, 86);מקומה;[341, 342, 343, 344, 345];(86, [40, 100, 6, 40, 5], 191)
(21, 1, 8, 6, 87);ואיביו;[346, 347, 348, 349, 350, 351];(87, [6, 1, 10, 2, 10, 6], 35)
(21, 1, 8, 7, 88);ירדף;[352, 353, 354, 355];(88, [10, 200, 4, 80], 294)
(21, 1, 8, 8, 89);חשך;[356, 357, 358];(89, [8, 300, 20], 328)
(21, 1, 9, 1, 90);מה;[359, 360];(90, [40, 5], 45)
(21, 1, 9, 2, 91);תחשבון;[361, 362, 363, 364, 365, 366];(91, [400, 8, 300, 2, 6, 50], 766)
(21, 1, 9, 3, 92);אל;[367, 368];(92, [1, 30], 31)
(21, 1, 9, 4, 93);יהוה;[369, 370, 371, 372];(93, [10, 5, 6, 5], 26)
(21, 1, 9, 5, 94);כלה;[373, 374, 375];(94, [20, 30, 5], 55)
(21, 1, 9, 6, 95);הוא;[376, 377, 378];(95, [5, 6, 1], 12)
(21, 1, 9, 7, 96);עשה;[379, 380, 381];(96, [70, 300, 5], 375)
(21, 1, 9, 8, 97);לא;[382, 383];(97, [30, 1], 31)
(21, 1, 9, 9, 98);תקום;[384, 385, 386, 387];(98, [400, 100, 6, 40], 546)
(21, 1, 9, 10, 99);פעמים;[388, 389, 390, 391, 392];(99, [80, 70, 40, 10, 40], 240)
(21, 1, 9, 11, 100);צרה;[393, 394, 395];(100, [90, 200, 5], 295)
(21, 1, 10, 1, 101);כי;[396, 397];(101, [20, 10], 30)
(21, 1, 10, 2, 102);עד;[398, 399];(102, [70, 4], 74)
(21, 1, 10, 3, 103);סירים;[400, 401, 402, 403, 404];(103, [60, 10, 200, 10, 40], 320)
(21, 1, 10, 4, 104);סבכים;[405, 406, 407, 408, 409];(104, [60, 2, 20, 10, 40], 132)
(21, 1, 10, 5, 105);וכסבאם;[410, 411, 412, 413, 414, 415];(105, [6, 20, 60, 2, 1, 40], 129)
(21, 1, 10, 6, 106);סבואים;[416, 417, 418, 419, 420, 421];(106, [60, 2, 6, 1, 10, 40], 119)
(21, 1, 10, 7, 107);אכלו;[422, 423, 424, 425];(107, [1, 20, 30, 6], 57)
(21, 1, 10, 8, 108);כקש;[426, 427, 428];(108, [20, 100, 300], 420)
(21, 1, 10, 9, 109);יבש;[429, 430, 431];(109, [10, 2, 300], 312)
(21, 1, 10, 10, 110);מלא;[432, 433, 434];(110, [40, 30, 1], 71)
(21, 1, 11, 1, 111);ממך;[435, 436, 437];(111, [40, 40, 20], 100)
(21, 1, 11, 2, 112);יצא;[438, 439, 440];(112, [10, 90, 1], 101)
(21, 1, 11, 3, 113);חשב;[441, 442, 443];(113, [8, 300, 2], 310)
(21, 1, 11, 4, 114);על;[444, 445];(114, [70, 30], 100)
(21, 1, 11, 5, 115);יהוה;[446, 447, 448, 449];(115, [10, 5, 6, 5], 26)
(21, 1, 11, 6, 116);רעה;[450, 451, 452];(116, [200, 70, 5], 275)
(21, 1, 11, 7, 117);יעץ;[453, 454, 455];(117, [10, 70, 90], 170)
(21, 1, 11, 8, 118);בליעל;[456, 457, 458, 459, 460];(118, [2, 30, 10, 70, 30], 142)
(21, 1, 12, 1, 119);כה;[461, 462];(119, [20, 5], 25)
(21, 1, 12, 2, 120);אמר;[463, 464, 465];(120, [1, 40, 200], 241)
(21, 1, 12, 3, 121);יהוה;[466, 467, 468, 469];(121, [10, 5, 6, 5], 26)
(21, 1, 12, 4, 122);אם;[470, 471];(122, [1, 40], 41)
(21, 1, 12, 5, 123);שלמים;[472, 473, 474, 475, 476];(123, [300, 30, 40, 10, 40], 420)
(21, 1, 12, 6, 124);וכן;[477, 478, 479];(124, [6, 20, 50], 76)
(21, 1, 12, 7, 125);רבים;[480, 481, 482, 483];(125, [200, 2, 10, 40], 252)
(21, 1, 12, 8, 126);וכן;[484, 485, 486];(126, [6, 20, 50], 76)
(21, 1, 12, 9, 127);נגוזו;[487, 488, 489, 490, 491];(127, [50, 3, 6, 7, 6], 72)
(21, 1, 12, 10, 128);ועבר;[492, 493, 494, 495];(128, [6, 70, 2, 200], 278)
(21, 1, 12, 11, 129);וענתך;[496, 497, 498, 499, 500];(129, [6, 70, 50, 400, 20], 546)
(21, 1, 12, 12, 130);לא;[501, 502];(130, [30, 1], 31)
(21, 1, 12, 13, 131);אענך;[503, 504, 505, 506];(131, [1, 70, 50, 20], 141)
(21, 1, 12, 14, 132);עוד;[507, 508, 509];(132, [70, 6, 4], 80)
(21, 1, 13, 1, 133);ועתה;[510, 511, 512, 513];(133, [6, 70, 400, 5], 481)
(21, 1, 13, 2, 134);אשבר;[514, 515, 516, 517];(134, [1, 300, 2, 200], 503)
(21, 1, 13, 3, 135);מטהו;[518, 519, 520, 521];(135, [40, 9, 5, 6], 60)
(21, 1, 13, 4, 136);מעליך;[522, 523, 524, 525, 526];(136, [40, 70, 30, 10, 20], 170)
(21, 1, 13, 5, 137);ומוסרתיך;[527, 528, 529, 530, 531, 532, 533, 534];(137, [6, 40, 6, 60, 200, 400, 10, 20], 742)
(21, 1, 13, 6, 138);אנתק;[535, 536, 537, 538];(138, [1, 50, 400, 100], 551)
(21, 1, 14, 1, 139);וצוה;[539, 540, 541, 542];(139, [6, 90, 6, 5], 107)
(21, 1, 14, 2, 140);עליך;[543, 544, 545, 546];(140, [70, 30, 10, 20], 130)
(21, 1, 14, 3, 141);יהוה;[547, 548, 549, 550];(141, [10, 5, 6, 5], 26)
(21, 1, 14, 4, 142);לא;[551, 552];(142, [30, 1], 31)
(21, 1, 14, 5, 143);יזרע;[553, 554, 555, 556];(143, [10, 7, 200, 70], 287)
(21, 1, 14, 6, 144);משמך;[557, 558, 559, 560];(144, [40, 300, 40, 20], 400)
(21, 1, 14, 7, 145);עוד;[561, 562, 563];(145, [70, 6, 4], 80)
(21, 1, 14, 8, 146);מבית;[564, 565, 566, 567];(146, [40, 2, 10, 400], 452)
(21, 1, 14, 9, 147);אלהיך;[568, 569, 570, 571, 572];(147, [1, 30, 5, 10, 20], 66)
(21, 1, 14, 10, 148);אכרית;[573, 574, 575, 576, 577];(148, [1, 20, 200, 10, 400], 631)
(21, 1, 14, 11, 149);פסל;[578, 579, 580];(149, [80, 60, 30], 170)
(21, 1, 14, 12, 150);ומסכה;[581, 582, 583, 584, 585];(150, [6, 40, 60, 20, 5], 131)
(21, 1, 14, 13, 151);אשים;[586, 587, 588, 589];(151, [1, 300, 10, 40], 351)
(21, 1, 14, 14, 152);קברך;[590, 591, 592, 593];(152, [100, 2, 200, 20], 322)
(21, 1, 14, 15, 153);כי;[594, 595];(153, [20, 10], 30)
(21, 1, 14, 16, 154);קלות;[596, 597, 598, 599];(154, [100, 30, 6, 400], 536)
(21, 2, 1, 1, 155);הנה;[600, 601, 602];(155, [5, 50, 5], 60)
(21, 2, 1, 2, 156);על;[603, 604];(156, [70, 30], 100)
(21, 2, 1, 3, 157);ההרים;[605, 606, 607, 608, 609];(157, [5, 5, 200, 10, 40], 260)
(21, 2, 1, 4, 158);רגלי;[610, 611, 612, 613];(158, [200, 3, 30, 10], 243)
(21, 2, 1, 5, 159);מבשר;[614, 615, 616, 617];(159, [40, 2, 300, 200], 542)
(21, 2, 1, 6, 160);משמיע;[618, 619, 620, 621, 622];(160, [40, 300, 40, 10, 70], 460)
(21, 2, 1, 7, 161);שלום;[623, 624, 625, 626];(161, [300, 30, 6, 40], 376)
(21, 2, 1, 8, 162);חגי;[627, 628, 629];(162, [8, 3, 10], 21)
(21, 2, 1, 9, 163);יהודה;[630, 631, 632, 633, 634];(163, [10, 5, 6, 4, 5], 30)
(21, 2, 1, 10, 164);חגיך;[635, 636, 637, 638];(164, [8, 3, 10, 20], 41)
(21, 2, 1, 11, 165);שלמי;[639, 640, 641, 642];(165, [300, 30, 40, 10], 380)
(21, 2, 1, 12, 166);נדריך;[643, 644, 645, 646, 647];(166, [50, 4, 200, 10, 20], 284)
(21, 2, 1, 13, 167);כי;[648, 649];(167, [20, 10], 30)
(21, 2, 1, 14, 168);לא;[650, 651];(168, [30, 1], 31)
(21, 2, 1, 15, 169);יוסיף;[652, 653, 654, 655, 656];(169, [10, 6, 60, 10, 80], 166)
(21, 2, 1, 16, 170);עוד;[657, 658, 659];(170, [70, 6, 4], 80)
(21, 2, 1, 17, 171);לעבור;[660, 661, 662, 663, 664];(171, [30, 70, 2, 6, 200], 308)
(21, 2, 1, 18, 172);בך;[665, 666];(172, [2, 20], 22)
(21, 2, 1, 19, 173);בליעל;[667, 668, 669, 670, 671];(173, [2, 30, 10, 70, 30], 142)
(21, 2, 1, 20, 174);כלה;[672, 673, 674];(174, [20, 30, 5], 55)
(21, 2, 1, 21, 175);נכרת;[675, 676, 677, 678];(175, [50, 20, 200, 400], 670)
(21, 2, 2, 1, 176);עלה;[679, 680, 681];(176, [70, 30, 5], 105)
(21, 2, 2, 2, 177);מפיץ;[682, 683, 684, 685];(177, [40, 80, 10, 90], 220)
(21, 2, 2, 3, 178);על;[686, 687];(178, [70, 30], 100)
(21, 2, 2, 4, 179);פניך;[688, 689, 690, 691];(179, [80, 50, 10, 20], 160)
(21, 2, 2, 5, 180);נצור;[692, 693, 694, 695];(180, [50, 90, 6, 200], 346)
(21, 2, 2, 6, 181);מצורה;[696, 697, 698, 699, 700];(181, [40, 90, 6, 200, 5], 341)
(21, 2, 2, 7, 182);צפה;[701, 702, 703];(182, [90, 80, 5], 175)
(21, 2, 2, 8, 183);דרך;[704, 705, 706];(183, [4, 200, 20], 224)
(21, 2, 2, 9, 184);חזק;[707, 708, 709];(184, [8, 7, 100], 115)
(21, 2, 2, 10, 185);מתנים;[710, 711, 712, 713, 714];(185, [40, 400, 50, 10, 40], 540)
(21, 2, 2, 11, 186);אמץ;[715, 716, 717];(186, [1, 40, 90], 131)
(21, 2, 2, 12, 187);כח;[718, 719];(187, [20, 8], 28)
(21, 2, 2, 13, 188);מאד;[720, 721, 722];(188, [40, 1, 4], 45)
(21, 2, 3, 1, 189);כי;[723, 724];(189, [20, 10], 30)
(21, 2, 3, 2, 190);שב;[725, 726];(190, [300, 2], 302)
(21, 2, 3, 3, 191);יהוה;[727, 728, 729, 730];(191, [10, 5, 6, 5], 26)
(21, 2, 3, 4, 192);את;[731, 732];(192, [1, 400], 401)
(21, 2, 3, 5, 193);גאון;[733, 734, 735, 736];(193, [3, 1, 6, 50], 60)
(21, 2, 3, 6, 194);יעקב;[737, 738, 739, 740];(194, [10, 70, 100, 2], 182)
(21, 2, 3, 7, 195);כגאון;[741, 742, 743, 744, 745];(195, [20, 3, 1, 6, 50], 80)
(21, 2, 3, 8, 196);ישראל;[746, 747, 748, 749, 750];(196, [10, 300, 200, 1, 30], 541)
(21, 2, 3, 9, 197);כי;[751, 752];(197, [20, 10], 30)
(21, 2, 3, 10, 198);בקקום;[753, 754, 755, 756, 757];(198, [2, 100, 100, 6, 40], 248)
(21, 2, 3, 11, 199);בקקים;[758, 759, 760, 761, 762];(199, [2, 100, 100, 10, 40], 252)
(21, 2, 3, 12, 200);וזמריהם;[763, 764, 765, 766, 767, 768, 769];(200, [6, 7, 40, 200, 10, 5, 40], 308)
(21, 2, 3, 13, 201);שחתו;[770, 771, 772, 773];(201, [300, 8, 400, 6], 714)
(21, 2, 4, 1, 202);מגן;[774, 775, 776];(202, [40, 3, 50], 93)
(21, 2, 4, 2, 203);גבריהו;[777, 778, 779, 780, 781, 782];(203, [3, 2, 200, 10, 5, 6], 226)
(21, 2, 4, 3, 204);מאדם;[783, 784, 785, 786];(204, [40, 1, 4, 40], 85)
(21, 2, 4, 4, 205);אנשי;[787, 788, 789, 790];(205, [1, 50, 300, 10], 361)
(21, 2, 4, 5, 206);חיל;[791, 792, 793];(206, [8, 10, 30], 48)
(21, 2, 4, 6, 207);מתלעים;[794, 795, 796, 797, 798, 799];(207, [40, 400, 30, 70, 10, 40], 590)
(21, 2, 4, 7, 208);באש;[800, 801, 802];(208, [2, 1, 300], 303)
(21, 2, 4, 8, 209);פלדת;[803, 804, 805, 806];(209, [80, 30, 4, 400], 514)
(21, 2, 4, 9, 210);הרכב;[807, 808, 809, 810];(210, [5, 200, 20, 2], 227)
(21, 2, 4, 10, 211);ביום;[811, 812, 813, 814];(211, [2, 10, 6, 40], 58)
(21, 2, 4, 11, 212);הכינו;[815, 816, 817, 818, 819];(212, [5, 20, 10, 50, 6], 91)
(21, 2, 4, 12, 213);והברשים;[820, 821, 822, 823, 824, 825, 826];(213, [6, 5, 2, 200, 300, 10, 40], 563)
(21, 2, 4, 13, 214);הרעלו;[827, 828, 829, 830, 831];(214, [5, 200, 70, 30, 6], 311)
(21, 2, 5, 1, 215);בחוצות;[832, 833, 834, 835, 836, 837];(215, [2, 8, 6, 90, 6, 400], 512)
(21, 2, 5, 2, 216);יתהוללו;[838, 839, 840, 841, 842, 843, 844];(216, [10, 400, 5, 6, 30, 30, 6], 487)
(21, 2, 5, 3, 217);הרכב;[845, 846, 847, 848];(217, [5, 200, 20, 2], 227)
(21, 2, 5, 4, 218);ישתקשקון;[849, 850, 851, 852, 853, 854, 855, 856];(218, [10, 300, 400, 100, 300, 100, 6, 50], 1266)
(21, 2, 5, 5, 219);ברחבות;[857, 858, 859, 860, 861, 862];(219, [2, 200, 8, 2, 6, 400], 618)
(21, 2, 5, 6, 220);מראיהן;[863, 864, 865, 866, 867, 868];(220, [40, 200, 1, 10, 5, 50], 306)
(21, 2, 5, 7, 221);כלפידים;[869, 870, 871, 872, 873, 874, 875];(221, [20, 30, 80, 10, 4, 10, 40], 194)
(21, 2, 5, 8, 222);כברקים;[876, 877, 878, 879, 880, 881];(222, [20, 2, 200, 100, 10, 40], 372)
(21, 2, 5, 9, 223);ירוצצו;[882, 883, 884, 885, 886, 887];(223, [10, 200, 6, 90, 90, 6], 402)
(21, 2, 6, 1, 224);יזכר;[888, 889, 890, 891];(224, [10, 7, 20, 200], 237)
(21, 2, 6, 2, 225);אדיריו;[892, 893, 894, 895, 896, 897];(225, [1, 4, 10, 200, 10, 6], 231)
(21, 2, 6, 3, 226);יכשלו;[898, 899, 900, 901, 902];(226, [10, 20, 300, 30, 6], 366)
(21, 2, 6, 4, 227);בהלכותם;[903, 904, 905, 906, 907, 908, 909];(227, [2, 5, 30, 20, 6, 400, 40], 503)
(21, 2, 6, 5, 228);ימהרו;[910, 911, 912, 913, 914];(228, [10, 40, 5, 200, 6], 261)
(21, 2, 6, 6, 229);חומתה;[915, 916, 917, 918, 919];(229, [8, 6, 40, 400, 5], 459)
(21, 2, 6, 7, 230);והכן;[920, 921, 922, 923];(230, [6, 5, 20, 50], 81)
(21, 2, 6, 8, 231);הסכך;[924, 925, 926, 927];(231, [5, 60, 20, 20], 105)
(21, 2, 7, 1, 232);שערי;[928, 929, 930, 931];(232, [300, 70, 200, 10], 580)
(21, 2, 7, 2, 233);הנהרות;[932, 933, 934, 935, 936, 937];(233, [5, 50, 5, 200, 6, 400], 666)
(21, 2, 7, 3, 234);נפתחו;[938, 939, 940, 941, 942];(234, [50, 80, 400, 8, 6], 544)
(21, 2, 7, 4, 235);וההיכל;[943, 944, 945, 946, 947, 948];(235, [6, 5, 5, 10, 20, 30], 76)
(21, 2, 7, 5, 236);נמוג;[949, 950, 951, 952];(236, [50, 40, 6, 3], 99)
(21, 2, 8, 1, 237);והצב;[953, 954, 955, 956];(237, [6, 5, 90, 2], 103)
(21, 2, 8, 2, 238);גלתה;[957, 958, 959, 960];(238, [3, 30, 400, 5], 438)
(21, 2, 8, 3, 239);העלתה;[961, 962, 963, 964, 965];(239, [5, 70, 30, 400, 5], 510)
(21, 2, 8, 4, 240);ואמהתיה;[966, 967, 968, 969, 970, 971, 972];(240, [6, 1, 40, 5, 400, 10, 5], 467)
(21, 2, 8, 5, 241);מנהגות;[973, 974, 975, 976, 977, 978];(241, [40, 50, 5, 3, 6, 400], 504)
(21, 2, 8, 6, 242);כקול;[979, 980, 981, 982];(242, [20, 100, 6, 30], 156)
(21, 2, 8, 7, 243);יונים;[983, 984, 985, 986, 987];(243, [10, 6, 50, 10, 40], 116)
(21, 2, 8, 8, 244);מתפפת;[988, 989, 990, 991, 992];(244, [40, 400, 80, 80, 400], 1000)
(21, 2, 8, 9, 245);על;[993, 994];(245, [70, 30], 100)
(21, 2, 8, 10, 246);לבבהן;[995, 996, 997, 998, 999];(246, [30, 2, 2, 5, 50], 89)
(21, 2, 9, 1, 247);ונינוה;[1000, 1001, 1002, 1003, 1004, 1005];(247, [6, 50, 10, 50, 6, 5], 127)
(21, 2, 9, 2, 248);כברכת;[1006, 1007, 1008, 1009, 1010];(248, [20, 2, 200, 20, 400], 642)
(21, 2, 9, 3, 249);מים;[1011, 1012, 1013];(249, [40, 10, 40], 90)
(21, 2, 9, 4, 250);מימי;[1014, 1015, 1016, 1017];(250, [40, 10, 40, 10], 100)
(21, 2, 9, 5, 251);היא;[1018, 1019, 1020];(251, [5, 10, 1], 16)
(21, 2, 9, 6, 252);והמה;[1021, 1022, 1023, 1024];(252, [6, 5, 40, 5], 56)
(21, 2, 9, 7, 253);נסים;[1025, 1026, 1027, 1028];(253, [50, 60, 10, 40], 160)
(21, 2, 9, 8, 254);עמדו;[1029, 1030, 1031, 1032];(254, [70, 40, 4, 6], 120)
(21, 2, 9, 9, 255);עמדו;[1033, 1034, 1035, 1036];(255, [70, 40, 4, 6], 120)
(21, 2, 9, 10, 256);ואין;[1037, 1038, 1039, 1040];(256, [6, 1, 10, 50], 67)
(21, 2, 9, 11, 257);מפנה;[1041, 1042, 1043, 1044];(257, [40, 80, 50, 5], 175)
(21, 2, 10, 1, 258);בזו;[1045, 1046, 1047];(258, [2, 7, 6], 15)
(21, 2, 10, 2, 259);כסף;[1048, 1049, 1050];(259, [20, 60, 80], 160)
(21, 2, 10, 3, 260);בזו;[1051, 1052, 1053];(260, [2, 7, 6], 15)
(21, 2, 10, 4, 261);זהב;[1054, 1055, 1056];(261, [7, 5, 2], 14)
(21, 2, 10, 5, 262);ואין;[1057, 1058, 1059, 1060];(262, [6, 1, 10, 50], 67)
(21, 2, 10, 6, 263);קצה;[1061, 1062, 1063];(263, [100, 90, 5], 195)
(21, 2, 10, 7, 264);לתכונה;[1064, 1065, 1066, 1067, 1068, 1069];(264, [30, 400, 20, 6, 50, 5], 511)
(21, 2, 10, 8, 265);כבד;[1070, 1071, 1072];(265, [20, 2, 4], 26)
(21, 2, 10, 9, 266);מכל;[1073, 1074, 1075];(266, [40, 20, 30], 90)
(21, 2, 10, 10, 267);כלי;[1076, 1077, 1078];(267, [20, 30, 10], 60)
(21, 2, 10, 11, 268);חמדה;[1079, 1080, 1081, 1082];(268, [8, 40, 4, 5], 57)
(21, 2, 11, 1, 269);בוקה;[1083, 1084, 1085, 1086];(269, [2, 6, 100, 5], 113)
(21, 2, 11, 2, 270);ומבוקה;[1087, 1088, 1089, 1090, 1091, 1092];(270, [6, 40, 2, 6, 100, 5], 159)
(21, 2, 11, 3, 271);ומבלקה;[1093, 1094, 1095, 1096, 1097, 1098];(271, [6, 40, 2, 30, 100, 5], 183)
(21, 2, 11, 4, 272);ולב;[1099, 1100, 1101];(272, [6, 30, 2], 38)
(21, 2, 11, 5, 273);נמס;[1102, 1103, 1104];(273, [50, 40, 60], 150)
(21, 2, 11, 6, 274);ופק;[1105, 1106, 1107];(274, [6, 80, 100], 186)
(21, 2, 11, 7, 275);ברכים;[1108, 1109, 1110, 1111, 1112];(275, [2, 200, 20, 10, 40], 272)
(21, 2, 11, 8, 276);וחלחלה;[1113, 1114, 1115, 1116, 1117, 1118];(276, [6, 8, 30, 8, 30, 5], 87)
(21, 2, 11, 9, 277);בכל;[1119, 1120, 1121];(277, [2, 20, 30], 52)
(21, 2, 11, 10, 278);מתנים;[1122, 1123, 1124, 1125, 1126];(278, [40, 400, 50, 10, 40], 540)
(21, 2, 11, 11, 279);ופני;[1127, 1128, 1129, 1130];(279, [6, 80, 50, 10], 146)
(21, 2, 11, 12, 280);כלם;[1131, 1132, 1133];(280, [20, 30, 40], 90)
(21, 2, 11, 13, 281);קבצו;[1134, 1135, 1136, 1137];(281, [100, 2, 90, 6], 198)
(21, 2, 11, 14, 282);פארור;[1138, 1139, 1140, 1141, 1142];(282, [80, 1, 200, 6, 200], 487)
(21, 2, 12, 1, 283);איה;[1143, 1144, 1145];(283, [1, 10, 5], 16)
(21, 2, 12, 2, 284);מעון;[1146, 1147, 1148, 1149];(284, [40, 70, 6, 50], 166)
(21, 2, 12, 3, 285);אריות;[1150, 1151, 1152, 1153, 1154];(285, [1, 200, 10, 6, 400], 617)
(21, 2, 12, 4, 286);ומרעה;[1155, 1156, 1157, 1158, 1159];(286, [6, 40, 200, 70, 5], 321)
(21, 2, 12, 5, 287);הוא;[1160, 1161, 1162];(287, [5, 6, 1], 12)
(21, 2, 12, 6, 288);לכפרים;[1163, 1164, 1165, 1166, 1167, 1168];(288, [30, 20, 80, 200, 10, 40], 380)
(21, 2, 12, 7, 289);אשר;[1169, 1170, 1171];(289, [1, 300, 200], 501)
(21, 2, 12, 8, 290);הלך;[1172, 1173, 1174];(290, [5, 30, 20], 55)
(21, 2, 12, 9, 291);אריה;[1175, 1176, 1177, 1178];(291, [1, 200, 10, 5], 216)
(21, 2, 12, 10, 292);לביא;[1179, 1180, 1181, 1182];(292, [30, 2, 10, 1], 43)
(21, 2, 12, 11, 293);שם;[1183, 1184];(293, [300, 40], 340)
(21, 2, 12, 12, 294);גור;[1185, 1186, 1187];(294, [3, 6, 200], 209)
(21, 2, 12, 13, 295);אריה;[1188, 1189, 1190, 1191];(295, [1, 200, 10, 5], 216)
(21, 2, 12, 14, 296);ואין;[1192, 1193, 1194, 1195];(296, [6, 1, 10, 50], 67)
(21, 2, 12, 15, 297);מחריד;[1196, 1197, 1198, 1199, 1200];(297, [40, 8, 200, 10, 4], 262)
(21, 2, 13, 1, 298);אריה;[1201, 1202, 1203, 1204];(298, [1, 200, 10, 5], 216)
(21, 2, 13, 2, 299);טרף;[1205, 1206, 1207];(299, [9, 200, 80], 289)
(21, 2, 13, 3, 300);בדי;[1208, 1209, 1210];(300, [2, 4, 10], 16)
(21, 2, 13, 4, 301);גרותיו;[1211, 1212, 1213, 1214, 1215, 1216];(301, [3, 200, 6, 400, 10, 6], 625)
(21, 2, 13, 5, 302);ומחנק;[1217, 1218, 1219, 1220, 1221];(302, [6, 40, 8, 50, 100], 204)
(21, 2, 13, 6, 303);ללבאתיו;[1222, 1223, 1224, 1225, 1226, 1227, 1228];(303, [30, 30, 2, 1, 400, 10, 6], 479)
(21, 2, 13, 7, 304);וימלא;[1229, 1230, 1231, 1232, 1233];(304, [6, 10, 40, 30, 1], 87)
(21, 2, 13, 8, 305);טרף;[1234, 1235, 1236];(305, [9, 200, 80], 289)
(21, 2, 13, 9, 306);חריו;[1237, 1238, 1239, 1240];(306, [8, 200, 10, 6], 224)
(21, 2, 13, 10, 307);ומענתיו;[1241, 1242, 1243, 1244, 1245, 1246, 1247];(307, [6, 40, 70, 50, 400, 10, 6], 582)
(21, 2, 13, 11, 308);טרפה;[1248, 1249, 1250, 1251];(308, [9, 200, 80, 5], 294)
(21, 2, 14, 1, 309);הנני;[1252, 1253, 1254, 1255];(309, [5, 50, 50, 10], 115)
(21, 2, 14, 2, 310);אליך;[1256, 1257, 1258, 1259];(310, [1, 30, 10, 20], 61)
(21, 2, 14, 3, 311);נאם;[1260, 1261, 1262];(311, [50, 1, 40], 91)
(21, 2, 14, 4, 312);יהוה;[1263, 1264, 1265, 1266];(312, [10, 5, 6, 5], 26)
(21, 2, 14, 5, 313);צבאות;[1267, 1268, 1269, 1270, 1271];(313, [90, 2, 1, 6, 400], 499)
(21, 2, 14, 6, 314);והבערתי;[1272, 1273, 1274, 1275, 1276, 1277, 1278];(314, [6, 5, 2, 70, 200, 400, 10], 693)
(21, 2, 14, 7, 315);בעשן;[1279, 1280, 1281, 1282];(315, [2, 70, 300, 50], 422)
(21, 2, 14, 8, 316);רכבה;[1283, 1284, 1285, 1286];(316, [200, 20, 2, 5], 227)
(21, 2, 14, 9, 317);וכפיריך;[1287, 1288, 1289, 1290, 1291, 1292, 1293];(317, [6, 20, 80, 10, 200, 10, 20], 346)
(21, 2, 14, 10, 318);תאכל;[1294, 1295, 1296, 1297];(318, [400, 1, 20, 30], 451)
(21, 2, 14, 11, 319);חרב;[1298, 1299, 1300];(319, [8, 200, 2], 210)
(21, 2, 14, 12, 320);והכרתי;[1301, 1302, 1303, 1304, 1305, 1306];(320, [6, 5, 20, 200, 400, 10], 641)
(21, 2, 14, 13, 321);מארץ;[1307, 1308, 1309, 1310];(321, [40, 1, 200, 90], 331)
(21, 2, 14, 14, 322);טרפך;[1311, 1312, 1313, 1314];(322, [9, 200, 80, 20], 309)
(21, 2, 14, 15, 323);ולא;[1315, 1316, 1317];(323, [6, 30, 1], 37)
(21, 2, 14, 16, 324);ישמע;[1318, 1319, 1320, 1321];(324, [10, 300, 40, 70], 420)
(21, 2, 14, 17, 325);עוד;[1322, 1323, 1324];(325, [70, 6, 4], 80)
(21, 2, 14, 18, 326);קול;[1325, 1326, 1327];(326, [100, 6, 30], 136)
(21, 2, 14, 19, 327);מלאככה;[1328, 1329, 1330, 1331, 1332, 1333];(327, [40, 30, 1, 20, 20, 5], 116)
(21, 3, 1, 1, 328);הוי;[1334, 1335, 1336];(328, [5, 6, 10], 21)
(21, 3, 1, 2, 329);עיר;[1337, 1338, 1339];(329, [70, 10, 200], 280)
(21, 3, 1, 3, 330);דמים;[1340, 1341, 1342, 1343];(330, [4, 40, 10, 40], 94)
(21, 3, 1, 4, 331);כלה;[1344, 1345, 1346];(331, [20, 30, 5], 55)
(21, 3, 1, 5, 332);כחש;[1347, 1348, 1349];(332, [20, 8, 300], 328)
(21, 3, 1, 6, 333);פרק;[1350, 1351, 1352];(333, [80, 200, 100], 380)
(21, 3, 1, 7, 334);מלאה;[1353, 1354, 1355, 1356];(334, [40, 30, 1, 5], 76)
(21, 3, 1, 8, 335);לא;[1357, 1358];(335, [30, 1], 31)
(21, 3, 1, 9, 336);ימיש;[1359, 1360, 1361, 1362];(336, [10, 40, 10, 300], 360)
(21, 3, 1, 10, 337);טרף;[1363, 1364, 1365];(337, [9, 200, 80], 289)
(21, 3, 2, 1, 338);קול;[1366, 1367, 1368];(338, [100, 6, 30], 136)
(21, 3, 2, 2, 339);שוט;[1369, 1370, 1371];(339, [300, 6, 9], 315)
(21, 3, 2, 3, 340);וקול;[1372, 1373, 1374, 1375];(340, [6, 100, 6, 30], 142)
(21, 3, 2, 4, 341);רעש;[1376, 1377, 1378];(341, [200, 70, 300], 570)
(21, 3, 2, 5, 342);אופן;[1379, 1380, 1381, 1382];(342, [1, 6, 80, 50], 137)
(21, 3, 2, 6, 343);וסוס;[1383, 1384, 1385, 1386];(343, [6, 60, 6, 60], 132)
(21, 3, 2, 7, 344);דהר;[1387, 1388, 1389];(344, [4, 5, 200], 209)
(21, 3, 2, 8, 345);ומרכבה;[1390, 1391, 1392, 1393, 1394, 1395];(345, [6, 40, 200, 20, 2, 5], 273)
(21, 3, 2, 9, 346);מרקדה;[1396, 1397, 1398, 1399, 1400];(346, [40, 200, 100, 4, 5], 349)
(21, 3, 3, 1, 347);פרש;[1401, 1402, 1403];(347, [80, 200, 300], 580)
(21, 3, 3, 2, 348);מעלה;[1404, 1405, 1406, 1407];(348, [40, 70, 30, 5], 145)
(21, 3, 3, 3, 349);ולהב;[1408, 1409, 1410, 1411];(349, [6, 30, 5, 2], 43)
(21, 3, 3, 4, 350);חרב;[1412, 1413, 1414];(350, [8, 200, 2], 210)
(21, 3, 3, 5, 351);וברק;[1415, 1416, 1417, 1418];(351, [6, 2, 200, 100], 308)
(21, 3, 3, 6, 352);חנית;[1419, 1420, 1421, 1422];(352, [8, 50, 10, 400], 468)
(21, 3, 3, 7, 353);ורב;[1423, 1424, 1425];(353, [6, 200, 2], 208)
(21, 3, 3, 8, 354);חלל;[1426, 1427, 1428];(354, [8, 30, 30], 68)
(21, 3, 3, 9, 355);וכבד;[1429, 1430, 1431, 1432];(355, [6, 20, 2, 4], 32)
(21, 3, 3, 10, 356);פגר;[1433, 1434, 1435];(356, [80, 3, 200], 283)
(21, 3, 3, 11, 357);ואין;[1436, 1437, 1438, 1439];(357, [6, 1, 10, 50], 67)
(21, 3, 3, 12, 358);קצה;[1440, 1441, 1442];(358, [100, 90, 5], 195)
(21, 3, 3, 13, 359);לגויה;[1443, 1444, 1445, 1446, 1447];(359, [30, 3, 6, 10, 5], 54)
(21, 3, 3, 14, 360);יכשלו;[1448, 1449, 1450, 1451, 1452];(360, [10, 20, 300, 30, 6], 366)
(21, 3, 3, 15, 361);בגויתם;[1453, 1454, 1455, 1456, 1457, 1458];(361, [2, 3, 6, 10, 400, 40], 461)
(21, 3, 4, 1, 362);מרב;[1459, 1460, 1461];(362, [40, 200, 2], 242)
(21, 3, 4, 2, 363);זנוני;[1462, 1463, 1464, 1465, 1466];(363, [7, 50, 6, 50, 10], 123)
(21, 3, 4, 3, 364);זונה;[1467, 1468, 1469, 1470];(364, [7, 6, 50, 5], 68)
(21, 3, 4, 4, 365);טובת;[1471, 1472, 1473, 1474];(365, [9, 6, 2, 400], 417)
(21, 3, 4, 5, 366);חן;[1475, 1476];(366, [8, 50], 58)
(21, 3, 4, 6, 367);בעלת;[1477, 1478, 1479, 1480];(367, [2, 70, 30, 400], 502)
(21, 3, 4, 7, 368);כשפים;[1481, 1482, 1483, 1484, 1485];(368, [20, 300, 80, 10, 40], 450)
(21, 3, 4, 8, 369);המכרת;[1486, 1487, 1488, 1489, 1490];(369, [5, 40, 20, 200, 400], 665)
(21, 3, 4, 9, 370);גוים;[1491, 1492, 1493, 1494];(370, [3, 6, 10, 40], 59)
(21, 3, 4, 10, 371);בזנוניה;[1495, 1496, 1497, 1498, 1499, 1500, 1501];(371, [2, 7, 50, 6, 50, 10, 5], 130)
(21, 3, 4, 11, 372);ומשפחות;[1502, 1503, 1504, 1505, 1506, 1507, 1508];(372, [6, 40, 300, 80, 8, 6, 400], 840)
(21, 3, 4, 12, 373);בכשפיה;[1509, 1510, 1511, 1512, 1513, 1514];(373, [2, 20, 300, 80, 10, 5], 417)
(21, 3, 5, 1, 374);הנני;[1515, 1516, 1517, 1518];(374, [5, 50, 50, 10], 115)
(21, 3, 5, 2, 375);אליך;[1519, 1520, 1521, 1522];(375, [1, 30, 10, 20], 61)
(21, 3, 5, 3, 376);נאם;[1523, 1524, 1525];(376, [50, 1, 40], 91)
(21, 3, 5, 4, 377);יהוה;[1526, 1527, 1528, 1529];(377, [10, 5, 6, 5], 26)
(21, 3, 5, 5, 378);צבאות;[1530, 1531, 1532, 1533, 1534];(378, [90, 2, 1, 6, 400], 499)
(21, 3, 5, 6, 379);וגליתי;[1535, 1536, 1537, 1538, 1539, 1540];(379, [6, 3, 30, 10, 400, 10], 459)
(21, 3, 5, 7, 380);שוליך;[1541, 1542, 1543, 1544, 1545];(380, [300, 6, 30, 10, 20], 366)
(21, 3, 5, 8, 381);על;[1546, 1547];(381, [70, 30], 100)
(21, 3, 5, 9, 382);פניך;[1548, 1549, 1550, 1551];(382, [80, 50, 10, 20], 160)
(21, 3, 5, 10, 383);והראיתי;[1552, 1553, 1554, 1555, 1556, 1557, 1558];(383, [6, 5, 200, 1, 10, 400, 10], 632)
(21, 3, 5, 11, 384);גוים;[1559, 1560, 1561, 1562];(384, [3, 6, 10, 40], 59)
(21, 3, 5, 12, 385);מערך;[1563, 1564, 1565, 1566];(385, [40, 70, 200, 20], 330)
(21, 3, 5, 13, 386);וממלכות;[1567, 1568, 1569, 1570, 1571, 1572, 1573];(386, [6, 40, 40, 30, 20, 6, 400], 542)
(21, 3, 5, 14, 387);קלונך;[1574, 1575, 1576, 1577, 1578];(387, [100, 30, 6, 50, 20], 206)
(21, 3, 6, 1, 388);והשלכתי;[1579, 1580, 1581, 1582, 1583, 1584, 1585];(388, [6, 5, 300, 30, 20, 400, 10], 771)
(21, 3, 6, 2, 389);עליך;[1586, 1587, 1588, 1589];(389, [70, 30, 10, 20], 130)
(21, 3, 6, 3, 390);שקצים;[1590, 1591, 1592, 1593, 1594];(390, [300, 100, 90, 10, 40], 540)
(21, 3, 6, 4, 391);ונבלתיך;[1595, 1596, 1597, 1598, 1599, 1600, 1601];(391, [6, 50, 2, 30, 400, 10, 20], 518)
(21, 3, 6, 5, 392);ושמתיך;[1602, 1603, 1604, 1605, 1606, 1607];(392, [6, 300, 40, 400, 10, 20], 776)
(21, 3, 6, 6, 393);כראי;[1608, 1609, 1610, 1611];(393, [20, 200, 1, 10], 231)
(21, 3, 7, 1, 394);והיה;[1612, 1613, 1614, 1615];(394, [6, 5, 10, 5], 26)
(21, 3, 7, 2, 395);כל;[1616, 1617];(395, [20, 30], 50)
(21, 3, 7, 3, 396);ראיך;[1618, 1619, 1620, 1621];(396, [200, 1, 10, 20], 231)
(21, 3, 7, 4, 397);ידוד;[1622, 1623, 1624, 1625];(397, [10, 4, 6, 4], 24)
(21, 3, 7, 5, 398);ממך;[1626, 1627, 1628];(398, [40, 40, 20], 100)
(21, 3, 7, 6, 399);ואמר;[1629, 1630, 1631, 1632];(399, [6, 1, 40, 200], 247)
(21, 3, 7, 7, 400);שדדה;[1633, 1634, 1635, 1636];(400, [300, 4, 4, 5], 313)
(21, 3, 7, 8, 401);נינוה;[1637, 1638, 1639, 1640, 1641];(401, [50, 10, 50, 6, 5], 121)
(21, 3, 7, 9, 402);מי;[1642, 1643];(402, [40, 10], 50)
(21, 3, 7, 10, 403);ינוד;[1644, 1645, 1646, 1647];(403, [10, 50, 6, 4], 70)
(21, 3, 7, 11, 404);לה;[1648, 1649];(404, [30, 5], 35)
(21, 3, 7, 12, 405);מאין;[1650, 1651, 1652, 1653];(405, [40, 1, 10, 50], 101)
(21, 3, 7, 13, 406);אבקש;[1654, 1655, 1656, 1657];(406, [1, 2, 100, 300], 403)
(21, 3, 7, 14, 407);מנחמים;[1658, 1659, 1660, 1661, 1662, 1663];(407, [40, 50, 8, 40, 10, 40], 188)
(21, 3, 7, 15, 408);לך;[1664, 1665];(408, [30, 20], 50)
(21, 3, 8, 1, 409);התיטבי;[1666, 1667, 1668, 1669, 1670, 1671];(409, [5, 400, 10, 9, 2, 10], 436)
(21, 3, 8, 2, 410);מנא;[1672, 1673, 1674];(410, [40, 50, 1], 91)
(21, 3, 8, 3, 411);אמון;[1675, 1676, 1677, 1678];(411, [1, 40, 6, 50], 97)
(21, 3, 8, 4, 412);הישבה;[1679, 1680, 1681, 1682, 1683];(412, [5, 10, 300, 2, 5], 322)
(21, 3, 8, 5, 413);ביארים;[1684, 1685, 1686, 1687, 1688, 1689];(413, [2, 10, 1, 200, 10, 40], 263)
(21, 3, 8, 6, 414);מים;[1690, 1691, 1692];(414, [40, 10, 40], 90)
(21, 3, 8, 7, 415);סביב;[1693, 1694, 1695, 1696];(415, [60, 2, 10, 2], 74)
(21, 3, 8, 8, 416);לה;[1697, 1698];(416, [30, 5], 35)
(21, 3, 8, 9, 417);אשר;[1699, 1700, 1701];(417, [1, 300, 200], 501)
(21, 3, 8, 10, 418);חיל;[1702, 1703, 1704];(418, [8, 10, 30], 48)
(21, 3, 8, 11, 419);ים;[1705, 1706];(419, [10, 40], 50)
(21, 3, 8, 12, 420);מים;[1707, 1708, 1709];(420, [40, 10, 40], 90)
(21, 3, 8, 13, 421);חומתה;[1710, 1711, 1712, 1713, 1714];(421, [8, 6, 40, 400, 5], 459)
(21, 3, 9, 1, 422);כוש;[1715, 1716, 1717];(422, [20, 6, 300], 326)
(21, 3, 9, 2, 423);עצמה;[1718, 1719, 1720, 1721];(423, [70, 90, 40, 5], 205)
(21, 3, 9, 3, 424);ומצרים;[1722, 1723, 1724, 1725, 1726, 1727];(424, [6, 40, 90, 200, 10, 40], 386)
(21, 3, 9, 4, 425);ואין;[1728, 1729, 1730, 1731];(425, [6, 1, 10, 50], 67)
(21, 3, 9, 5, 426);קצה;[1732, 1733, 1734];(426, [100, 90, 5], 195)
(21, 3, 9, 6, 427);פוט;[1735, 1736, 1737];(427, [80, 6, 9], 95)
(21, 3, 9, 7, 428);ולובים;[1738, 1739, 1740, 1741, 1742, 1743];(428, [6, 30, 6, 2, 10, 40], 94)
(21, 3, 9, 8, 429);היו;[1744, 1745, 1746];(429, [5, 10, 6], 21)
(21, 3, 9, 9, 430);בעזרתך;[1747, 1748, 1749, 1750, 1751, 1752];(430, [2, 70, 7, 200, 400, 20], 699)
(21, 3, 10, 1, 431);גם;[1753, 1754];(431, [3, 40], 43)
(21, 3, 10, 2, 432);היא;[1755, 1756, 1757];(432, [5, 10, 1], 16)
(21, 3, 10, 3, 433);לגלה;[1758, 1759, 1760, 1761];(433, [30, 3, 30, 5], 68)
(21, 3, 10, 4, 434);הלכה;[1762, 1763, 1764, 1765];(434, [5, 30, 20, 5], 60)
(21, 3, 10, 5, 435);בשבי;[1766, 1767, 1768, 1769];(435, [2, 300, 2, 10], 314)
(21, 3, 10, 6, 436);גם;[1770, 1771];(436, [3, 40], 43)
(21, 3, 10, 7, 437);עלליה;[1772, 1773, 1774, 1775, 1776];(437, [70, 30, 30, 10, 5], 145)
(21, 3, 10, 8, 438);ירטשו;[1777, 1778, 1779, 1780, 1781];(438, [10, 200, 9, 300, 6], 525)
(21, 3, 10, 9, 439);בראש;[1782, 1783, 1784, 1785];(439, [2, 200, 1, 300], 503)
(21, 3, 10, 10, 440);כל;[1786, 1787];(440, [20, 30], 50)
(21, 3, 10, 11, 441);חוצות;[1788, 1789, 1790, 1791, 1792];(441, [8, 6, 90, 6, 400], 510)
(21, 3, 10, 12, 442);ועל;[1793, 1794, 1795];(442, [6, 70, 30], 106)
(21, 3, 10, 13, 443);נכבדיה;[1796, 1797, 1798, 1799, 1800, 1801];(443, [50, 20, 2, 4, 10, 5], 91)
(21, 3, 10, 14, 444);ידו;[1802, 1803, 1804];(444, [10, 4, 6], 20)
(21, 3, 10, 15, 445);גורל;[1805, 1806, 1807, 1808];(445, [3, 6, 200, 30], 239)
(21, 3, 10, 16, 446);וכל;[1809, 1810, 1811];(446, [6, 20, 30], 56)
(21, 3, 10, 17, 447);גדוליה;[1812, 1813, 1814, 1815, 1816, 1817];(447, [3, 4, 6, 30, 10, 5], 58)
(21, 3, 10, 18, 448);רתקו;[1818, 1819, 1820, 1821];(448, [200, 400, 100, 6], 706)
(21, 3, 10, 19, 449);בזקים;[1822, 1823, 1824, 1825, 1826];(449, [2, 7, 100, 10, 40], 159)
(21, 3, 11, 1, 450);גם;[1827, 1828];(450, [3, 40], 43)
(21, 3, 11, 2, 451);את;[1829, 1830];(451, [1, 400], 401)
(21, 3, 11, 3, 452);תשכרי;[1831, 1832, 1833, 1834, 1835];(452, [400, 300, 20, 200, 10], 930)
(21, 3, 11, 4, 453);תהי;[1836, 1837, 1838];(453, [400, 5, 10], 415)
(21, 3, 11, 5, 454);נעלמה;[1839, 1840, 1841, 1842, 1843];(454, [50, 70, 30, 40, 5], 195)
(21, 3, 11, 6, 455);גם;[1844, 1845];(455, [3, 40], 43)
(21, 3, 11, 7, 456);את;[1846, 1847];(456, [1, 400], 401)
(21, 3, 11, 8, 457);תבקשי;[1848, 1849, 1850, 1851, 1852];(457, [400, 2, 100, 300, 10], 812)
(21, 3, 11, 9, 458);מעוז;[1853, 1854, 1855, 1856];(458, [40, 70, 6, 7], 123)
(21, 3, 11, 10, 459);מאויב;[1857, 1858, 1859, 1860, 1861];(459, [40, 1, 6, 10, 2], 59)
(21, 3, 12, 1, 460);כל;[1862, 1863];(460, [20, 30], 50)
(21, 3, 12, 2, 461);מבצריך;[1864, 1865, 1866, 1867, 1868, 1869];(461, [40, 2, 90, 200, 10, 20], 362)
(21, 3, 12, 3, 462);תאנים;[1870, 1871, 1872, 1873, 1874];(462, [400, 1, 50, 10, 40], 501)
(21, 3, 12, 4, 463);עם;[1875, 1876];(463, [70, 40], 110)
(21, 3, 12, 5, 464);בכורים;[1877, 1878, 1879, 1880, 1881, 1882];(464, [2, 20, 6, 200, 10, 40], 278)
(21, 3, 12, 6, 465);אם;[1883, 1884];(465, [1, 40], 41)
(21, 3, 12, 7, 466);ינועו;[1885, 1886, 1887, 1888, 1889];(466, [10, 50, 6, 70, 6], 142)
(21, 3, 12, 8, 467);ונפלו;[1890, 1891, 1892, 1893, 1894];(467, [6, 50, 80, 30, 6], 172)
(21, 3, 12, 9, 468);על;[1895, 1896];(468, [70, 30], 100)
(21, 3, 12, 10, 469);פי;[1897, 1898];(469, [80, 10], 90)
(21, 3, 12, 11, 470);אוכל;[1899, 1900, 1901, 1902];(470, [1, 6, 20, 30], 57)
(21, 3, 13, 1, 471);הנה;[1903, 1904, 1905];(471, [5, 50, 5], 60)
(21, 3, 13, 2, 472);עמך;[1906, 1907, 1908];(472, [70, 40, 20], 130)
(21, 3, 13, 3, 473);נשים;[1909, 1910, 1911, 1912];(473, [50, 300, 10, 40], 400)
(21, 3, 13, 4, 474);בקרבך;[1913, 1914, 1915, 1916, 1917];(474, [2, 100, 200, 2, 20], 324)
(21, 3, 13, 5, 475);לאיביך;[1918, 1919, 1920, 1921, 1922, 1923];(475, [30, 1, 10, 2, 10, 20], 73)
(21, 3, 13, 6, 476);פתוח;[1924, 1925, 1926, 1927];(476, [80, 400, 6, 8], 494)
(21, 3, 13, 7, 477);נפתחו;[1928, 1929, 1930, 1931, 1932];(477, [50, 80, 400, 8, 6], 544)
(21, 3, 13, 8, 478);שערי;[1933, 1934, 1935, 1936];(478, [300, 70, 200, 10], 580)
(21, 3, 13, 9, 479);ארצך;[1937, 1938, 1939, 1940];(479, [1, 200, 90, 20], 311)
(21, 3, 13, 10, 480);אכלה;[1941, 1942, 1943, 1944];(480, [1, 20, 30, 5], 56)
(21, 3, 13, 11, 481);אש;[1945, 1946];(481, [1, 300], 301)
(21, 3, 13, 12, 482);בריחיך;[1947, 1948, 1949, 1950, 1951, 1952];(482, [2, 200, 10, 8, 10, 20], 250)
(21, 3, 14, 1, 483);מי;[1953, 1954];(483, [40, 10], 50)
(21, 3, 14, 2, 484);מצור;[1955, 1956, 1957, 1958];(484, [40, 90, 6, 200], 336)
(21, 3, 14, 3, 485);שאבי;[1959, 1960, 1961, 1962];(485, [300, 1, 2, 10], 313)
(21, 3, 14, 4, 486);לך;[1963, 1964];(486, [30, 20], 50)
(21, 3, 14, 5, 487);חזקי;[1965, 1966, 1967, 1968];(487, [8, 7, 100, 10], 125)
(21, 3, 14, 6, 488);מבצריך;[1969, 1970, 1971, 1972, 1973, 1974];(488, [40, 2, 90, 200, 10, 20], 362)
(21, 3, 14, 7, 489);באי;[1975, 1976, 1977];(489, [2, 1, 10], 13)
(21, 3, 14, 8, 490);בטיט;[1978, 1979, 1980, 1981];(490, [2, 9, 10, 9], 30)
(21, 3, 14, 9, 491);ורמסי;[1982, 1983, 1984, 1985, 1986];(491, [6, 200, 40, 60, 10], 316)
(21, 3, 14, 10, 492);בחמר;[1987, 1988, 1989, 1990];(492, [2, 8, 40, 200], 250)
(21, 3, 14, 11, 493);החזיקי;[1991, 1992, 1993, 1994, 1995, 1996];(493, [5, 8, 7, 10, 100, 10], 140)
(21, 3, 14, 12, 494);מלבן;[1997, 1998, 1999, 2000];(494, [40, 30, 2, 50], 122)
(21, 3, 15, 1, 495);שם;[2001, 2002];(495, [300, 40], 340)
(21, 3, 15, 2, 496);תאכלך;[2003, 2004, 2005, 2006, 2007];(496, [400, 1, 20, 30, 20], 471)
(21, 3, 15, 3, 497);אש;[2008, 2009];(497, [1, 300], 301)
(21, 3, 15, 4, 498);תכריתך;[2010, 2011, 2012, 2013, 2014, 2015];(498, [400, 20, 200, 10, 400, 20], 1050)
(21, 3, 15, 5, 499);חרב;[2016, 2017, 2018];(499, [8, 200, 2], 210)
(21, 3, 15, 6, 500);תאכלך;[2019, 2020, 2021, 2022, 2023];(500, [400, 1, 20, 30, 20], 471)
(21, 3, 15, 7, 501);כילק;[2024, 2025, 2026, 2027];(501, [20, 10, 30, 100], 160)
(21, 3, 15, 8, 502);התכבד;[2028, 2029, 2030, 2031, 2032];(502, [5, 400, 20, 2, 4], 431)
(21, 3, 15, 9, 503);כילק;[2033, 2034, 2035, 2036];(503, [20, 10, 30, 100], 160)
(21, 3, 15, 10, 504);התכבדי;[2037, 2038, 2039, 2040, 2041, 2042];(504, [5, 400, 20, 2, 4, 10], 441)
(21, 3, 15, 11, 505);כארבה;[2043, 2044, 2045, 2046, 2047];(505, [20, 1, 200, 2, 5], 228)
(21, 3, 16, 1, 506);הרבית;[2048, 2049, 2050, 2051, 2052];(506, [5, 200, 2, 10, 400], 617)
(21, 3, 16, 2, 507);רכליך;[2053, 2054, 2055, 2056, 2057];(507, [200, 20, 30, 10, 20], 280)
(21, 3, 16, 3, 508);מכוכבי;[2058, 2059, 2060, 2061, 2062, 2063];(508, [40, 20, 6, 20, 2, 10], 98)
(21, 3, 16, 4, 509);השמים;[2064, 2065, 2066, 2067, 2068];(509, [5, 300, 40, 10, 40], 395)
(21, 3, 16, 5, 510);ילק;[2069, 2070, 2071];(510, [10, 30, 100], 140)
(21, 3, 16, 6, 511);פשט;[2072, 2073, 2074];(511, [80, 300, 9], 389)
(21, 3, 16, 7, 512);ויעף;[2075, 2076, 2077, 2078];(512, [6, 10, 70, 80], 166)
(21, 3, 17, 1, 513);מנזריך;[2079, 2080, 2081, 2082, 2083, 2084];(513, [40, 50, 7, 200, 10, 20], 327)
(21, 3, 17, 2, 514);כארבה;[2085, 2086, 2087, 2088, 2089];(514, [20, 1, 200, 2, 5], 228)
(21, 3, 17, 3, 515);וטפסריך;[2090, 2091, 2092, 2093, 2094, 2095, 2096];(515, [6, 9, 80, 60, 200, 10, 20], 385)
(21, 3, 17, 4, 516);כגוב;[2097, 2098, 2099, 2100];(516, [20, 3, 6, 2], 31)
(21, 3, 17, 5, 517);גבי;[2101, 2102, 2103];(517, [3, 2, 10], 15)
(21, 3, 17, 6, 518);החונים;[2104, 2105, 2106, 2107, 2108, 2109];(518, [5, 8, 6, 50, 10, 40], 119)
(21, 3, 17, 7, 519);בגדרות;[2110, 2111, 2112, 2113, 2114, 2115];(519, [2, 3, 4, 200, 6, 400], 615)
(21, 3, 17, 8, 520);ביום;[2116, 2117, 2118, 2119];(520, [2, 10, 6, 40], 58)
(21, 3, 17, 9, 521);קרה;[2120, 2121, 2122];(521, [100, 200, 5], 305)
(21, 3, 17, 10, 522);שמש;[2123, 2124, 2125];(522, [300, 40, 300], 640)
(21, 3, 17, 11, 523);זרחה;[2126, 2127, 2128, 2129];(523, [7, 200, 8, 5], 220)
(21, 3, 17, 12, 524);ונודד;[2130, 2131, 2132, 2133, 2134];(524, [6, 50, 6, 4, 4], 70)
(21, 3, 17, 13, 525);ולא;[2135, 2136, 2137];(525, [6, 30, 1], 37)
(21, 3, 17, 14, 526);נודע;[2138, 2139, 2140, 2141];(526, [50, 6, 4, 70], 130)
(21, 3, 17, 15, 527);מקומו;[2142, 2143, 2144, 2145, 2146];(527, [40, 100, 6, 40, 6], 192)
(21, 3, 17, 16, 528);אים;[2147, 2148, 2149];(528, [1, 10, 40], 51)
(21, 3, 18, 1, 529);נמו;[2150, 2151, 2152];(529, [50, 40, 6], 96)
(21, 3, 18, 2, 530);רעיך;[2153, 2154, 2155, 2156];(530, [200, 70, 10, 20], 300)
(21, 3, 18, 3, 531);מלך;[2157, 2158, 2159];(531, [40, 30, 20], 90)
(21, 3, 18, 4, 532);אשור;[2160, 2161, 2162, 2163];(532, [1, 300, 6, 200], 507)
(21, 3, 18, 5, 533);ישכנו;[2164, 2165, 2166, 2167, 2168];(533, [10, 300, 20, 50, 6], 386)
(21, 3, 18, 6, 534);אדיריך;[2169, 2170, 2171, 2172, 2173, 2174];(534, [1, 4, 10, 200, 10, 20], 245)
(21, 3, 18, 7, 535);נפשו;[2175, 2176, 2177, 2178];(535, [50, 80, 300, 6], 436)
(21, 3, 18, 8, 536);עמך;[2179, 2180, 2181];(536, [70, 40, 20], 130)
(21, 3, 18, 9, 537);על;[2182, 2183];(537, [70, 30], 100)
(21, 3, 18, 10, 538);ההרים;[2184, 2185, 2186, 2187, 2188];(538, [5, 5, 200, 10, 40], 260)
(21, 3, 18, 11, 539);ואין;[2189, 2190, 2191, 2192];(539, [6, 1, 10, 50], 67)
(21, 3, 18, 12, 540);מקבץ;[2193, 2194, 2195, 2196];(540, [40, 100, 2, 90], 232)
(21, 3, 19, 1, 541);אין;[2197, 2198, 2199];(541, [1, 10, 50], 61)
(21, 3, 19, 2, 542);כהה;[2200, 2201, 2202];(542, [20, 5, 5], 30)
(21, 3, 19, 3, 543);לשברך;[2203, 2204, 2205, 2206, 2207];(543, [30, 300, 2, 200, 20], 552)
(21, 3, 19, 4, 544);נחלה;[2208, 2209, 2210, 2211];(544, [50, 8, 30, 5], 93)
(21, 3, 19, 5, 545);מכתך;[2212, 2213, 2214, 2215];(545, [40, 20, 400, 20], 480)
(21, 3, 19, 6, 546);כל;[2216, 2217];(546, [20, 30], 50)
(21, 3, 19, 7, 547);שמעי;[2218, 2219, 2220, 2221];(547, [300, 40, 70, 10], 420)
(21, 3, 19, 8, 548);שמעך;[2222, 2223, 2224, 2225];(548, [300, 40, 70, 20], 430)
(21, 3, 19, 9, 549);תקעו;[2226, 2227, 2228, 2229];(549, [400, 100, 70, 6], 576)
(21, 3, 19, 10, 550);כף;[2230, 2231];(550, [20, 80], 100)
(21, 3, 19, 11, 551);עליך;[2232, 2233, 2234, 2235];(551, [70, 30, 10, 20], 130)
(21, 3, 19, 12, 552);כי;[2236, 2237];(552, [20, 10], 30)
(21, 3, 19, 13, 553);על;[2238, 2239];(553, [70, 30], 100)
(21, 3, 19, 14, 554);מי;[2240, 2241];(554, [40, 10], 50)
(21, 3, 19, 15, 555);לא;[2242, 2243];(555, [30, 1], 31)
(21, 3, 19, 16, 556);עברה;[2244, 2245, 2246, 2247];(556, [70, 2, 200, 5], 277)
(21, 3, 19, 17, 557);רעתך;[2248, 2249, 2250, 2251];(557, [200, 70, 400, 20], 690)
(21, 3, 19, 18, 558);תמיד;[2252, 2253, 2254, 2255];(558, [400, 40, 10, 4], 454)
